eeg_id,seizure_vote,lpd_vote,gpd_vote,lrda_vote,grda_vote,other_vote
3911565283,0.12469052848663738,0.09401480860294813,0.0862163936393026,0.28738668316895977,0.052308300828903,0.35538328800429697
