eeg_id,seizure_vote,lpd_vote,gpd_vote,lrda_vote,grda_vote,other_vote
3911565283,0.12593810449598175,0.06294275136672503,0.05121836858879175,0.31344307796597926,0.03724210819350896,0.4092155952502218
