eeg_id,seizure_vote,lpd_vote,gpd_vote,lrda_vote,grda_vote,other_vote
3911565283,0.082691126,0.037404988,7.865142e-05,0.5062137,0.005288256,0.36832327
