eeg_id     ,seizure_vote        ,lpd_vote             ,gpd_vote              ,lrda_vote          ,grda_vote            ,other_vote
3911565283 ,0.11461563539470279 ,0.041082341935075185 ,0.0006463933735970278 ,0.4195517264180264 ,0.033555721910621075 ,0.39054819973090943
