eeg_id,seizure_vote,lpd_vote,gpd_vote,lrda_vote,grda_vote,other_vote
3911565283,0.12311810872166373,0.06580971316205428,0.05594031094370979,0.30870375292734475,0.03626798166429193,0.4101601303173382
