eeg_id,seizure_vote,lpd_vote,gpd_vote,lrda_vote,grda_vote,other_vote
3911565283,0.12688820875729573,0.06051290691447207,0.0470213743914869,0.32063129788175937,0.037210925064378245,0.4077352829116248
